{"val_loss":0.008435863435889064,"_timestamp":1.772290715343402e+09,"_wandb":{"runtime":15},"_runtime":15,"_step":4,"epoch":5,"train_loss":0.006330588112481758,"val_acc":0.9478333333333333}