{"_timestamp":1.7726490072233133e+09,"epoch":20,"val_acc":0.979,"_runtime":127,"train_acc":0.9983518518518518,"test_acc":0.977,"_step":20,"_wandb":{"runtime":127},"train_loss":0.011008741882679455,"val_f1":0.9787965861546477,"val_loss":0.1798084215103623,"test_f1":0.9767487281405826}