{"_timestamp":1.7722906894818876e+09,"_step":4,"_runtime":17,"_wandb":{"runtime":17},"epoch":5,"train_loss":0.00598162673565076,"val_acc":0.9581666666666667,"val_loss":0.006705171181973429}