{"epoch":5,"train_loss":0.015026042475832313,"val_acc":0.9108333333333334,"val_loss":0.015085670804259056,"_timestamp":1.7722896236597323e+09,"_wandb":{"runtime":21},"_runtime":21,"_step":4}