{"epoch":5,"train_loss":0.005153672091100026,"val_acc":0.9561666666666667,"val_loss":0.007015600882458809,"_timestamp":1.7722912533047967e+09,"_wandb":{"runtime":15},"_runtime":15,"_step":4}