{"_step":9,"epoch":10,"train_loss":0.02252074209023945,"_wandb":{"runtime":40},"_runtime":40,"val_acc":0.9778333333333333,"dead_neuron_fraction":0.0078125,"_timestamp":1.7722930808168697e+09}