{"_runtime":16,"_timestamp":1.7722901513085468e+09,"_step":4,"epoch":5,"train_loss":0.01139381031272861,"val_acc":0.9275,"val_loss":0.01137938215646344,"_wandb":{"runtime":16}}