{"neuron_4_grad_norm":0.037008624570353685,"_wandb":{"runtime":4},"neuron_0_grad_norm":0.07405367292386075,"neuron_2_grad_norm":0.10751663169834773,"neuron_3_grad_norm":0.027032297648086158,"neuron_1_grad_norm":0.05283548144901381,"_step":49,"_runtime":4,"_timestamp":1.7722936649442444e+09,"step":49}