{"_wandb":{"runtime":20},"_runtime":20,"epoch":5,"train_loss":0.009740754512555317,"val_acc":0.9478333333333333,"val_loss":0.008682699952508185,"_timestamp":1.7722898562328284e+09,"_step":4}