{"_timestamp":1.7722903569750423e+09,"_wandb":{"runtime":19},"_runtime":19,"_step":4,"epoch":5,"train_loss":0.0030568325439272945,"val_acc":0.9646666666666667,"val_loss":0.005365899947492166}