{"_runtime":11,"_step":4,"epoch":5,"train_loss":1.9301709467513026,"val_acc":0.42633333333333334,"val_loss":1.846161843343862,"_timestamp":1.7722900478123367e+09,"_wandb":{"runtime":11}}