{"train_loss":0.006699268018337278,"val_acc":0.9536666666666667,"_wandb":{"runtime":19},"_runtime":19,"val_loss":0.0071844507883522014,"_timestamp":1.7722905045763273e+09,"_step":4,"epoch":5}