{"epoch":5,"_wandb":{"runtime":17},"_runtime":17,"train_loss":0.0041367164287638356,"val_acc":0.9686666666666667,"val_loss":0.005397931227245348,"_timestamp":1.7722900757555587e+09,"_step":4}