{"_runtime":13,"_step":4,"epoch":5,"train_loss":2.2926107963268456,"val_acc":0.11233333333333333,"val_loss":2.2915806366559077,"_timestamp":1.772291004508174e+09,"_wandb":{"runtime":13}}