{"_step":84,"_wandb":{"runtime":10},"_runtime":10,"step":4200,"first_layer_grad_norm":0.941891195817202,"_timestamp":1.77229301907193e+09}