{"_runtime":114,"_step":14,"epoch":15,"train_loss":0.0012947111720028027,"val_acc":0.9773333333333334,"train_acc":0.9932,"_timestamp":1.772364450393943e+09,"_wandb":{"runtime":114}}