{"val_acc":0.9636666666666667,"val_loss":0.005831316189877819,"_timestamp":1.7722902593728063e+09,"_wandb":{"runtime":11},"_runtime":11,"_step":4,"epoch":5,"train_loss":0.004552154152870003}