{"val_acc":0.977,"train_acc":0.996,"_wandb":{"runtime":119},"_runtime":119,"_timestamp":1.772364333023811e+09,"_step":14,"epoch":15,"train_loss":0.01489510279942327}