{"_wandb":{"runtime":11},"_runtime":11,"first_layer_grad_norm":0.5636030907366004,"activation":"relu","num_layers":3,"_timestamp":1.7723638228855116e+09,"_step":84,"step":4200}