{"epoch":5,"train_loss":0.004022143043288863,"val_acc":0.965,"val_loss":0.005390518694859359,"_wandb":{"runtime":14},"_runtime":14,"_timestamp":1.7722906645510216e+09,"_step":4}