{"_wandb":{"runtime":20},"_runtime":20,"_step":4,"epoch":5,"train_loss":0.06994944400645003,"val_acc":0.9666666666666667,"val_loss":0.1324290332801839,"_timestamp":1.7722919708000093e+09}