{"_step":4,"_wandb":{"runtime":23},"_runtime":23,"epoch":5,"train_loss":0.0038879362514959,"val_acc":0.9663333333333334,"val_loss":0.005406188611920545,"_timestamp":1.772292011598194e+09}