{"val_loss":0.17286862321630428,"_timestamp":1.7722893750900831e+09,"_step":4,"epoch":5,"train_loss":0.15423976880759388,"val_acc":0.9503333333333334,"_wandb":{"runtime":14},"_runtime":14}