{"_wandb":{"runtime":20},"_runtime":20,"val_acc":0.926,"val_loss":0.013137676737528844,"_timestamp":1.7722898273950212e+09,"_step":4,"epoch":5,"train_loss":0.013145835956876847}