{"_runtime":20,"val_acc":0.9701666666666666,"val_loss":0.004744947854234783,"_timestamp":1.7722905767309105e+09,"_step":4,"epoch":5,"train_loss":0.003167692364165,"_wandb":{"runtime":20}}