{"_step":4,"epoch":5,"train_loss":0.0061530716294296685,"val_acc":0.9565,"_wandb":{"runtime":17},"_runtime":17,"val_loss":0.007091075467385736,"_timestamp":1.7722910321484869e+09}