{"_wandb":{"runtime":19},"_runtime":19,"val_acc":0.8151666666666667,"val_loss":0.034104078295276015,"_timestamp":1.772292266206807e+09,"_step":4,"epoch":5,"train_loss":0.03661365216531888}