{"epoch":5,"train_loss":0.07350683062204108,"val_acc":0.9663333333333334,"val_loss":0.12413943531836086,"_timestamp":1.7722903292529671e+09,"_wandb":{"runtime":19},"_runtime":19,"_step":4}