{"val_acc":0.968,"_wandb":{"runtime":19},"_runtime":19,"val_loss":0.005037528518550698,"_timestamp":1.772290026856014e+09,"_step":4,"epoch":5,"train_loss":0.004044382072947988}