{"epoch":5,"train_loss":0.04850352321902158,"_wandb":{"runtime":18},"_runtime":18,"val_acc":0.7548333333333334,"val_loss":0.04147071542366478,"_timestamp":1.772290104016874e+09,"_step":4}