{"val_acc":0.9665,"val_loss":0.005260049227446294,"_timestamp":1.7722922166022754e+09,"_step":4,"epoch":5,"train_loss":0.004441981139834963,"_wandb":{"runtime":13},"_runtime":13}