{"val_acc":0.9105,"val_loss":0.014574185119823271,"_timestamp":1.7722897001145098e+09,"_step":4,"_wandb":{"runtime":21},"_runtime":21,"epoch":5,"train_loss":0.014241909579570671}