{"_step":4,"_wandb":{"runtime":10},"_runtime":10,"epoch":5,"train_loss":0.10275229492473299,"val_acc":0.9651666666666666,"val_loss":0.12860416460608895,"_timestamp":1.77229231180646e+09}