{"train_loss":0.012067888326708453,"val_acc":0.9243333333333333,"_wandb":{"runtime":12},"_runtime":12,"val_loss":0.012039964676538742,"_timestamp":1.7722901256548526e+09,"_step":4,"epoch":5}