{"_step":4,"epoch":5,"train_loss":0.08930633707736364,"val_acc":0.9631666666666666,"_wandb":{"runtime":23},"_runtime":23,"val_loss":0.12752325935686395,"_timestamp":1.7722909501401243e+09}