{"epoch":5,"train_loss":0.09681877342648455,"val_acc":0.9656666666666667,"val_loss":0.14875259949631522,"_timestamp":1.772290524940877e+09,"_step":4,"_runtime":12,"_wandb":{"runtime":12}}