{"_step":9,"epoch":10,"_wandb":{"runtime":47},"_runtime":47,"train_loss":0.021064486964003475,"val_acc":0.9755,"optimizer":"momentum","_timestamp":1.7722928504011226e+09}