{"epoch":5,"train_loss":0.05241062727194361,"val_acc":0.9741666666666666,"val_loss":0.1000020348380277,"_timestamp":1.7722922928820972e+09,"_runtime":18,"_wandb":{"runtime":18},"_step":4}