{"_step":4,"_wandb":{"runtime":22},"_runtime":22,"epoch":5,"train_loss":0.13101309141714662,"val_acc":0.9585,"val_loss":0.14745072669063825,"_timestamp":1.7722917986623304e+09}