{"train_loss":0.06998411508636777,"val_acc":0.9641666666666666,"val_loss":0.15121932163549912,"_wandb":{"runtime":11},"_runtime":11,"_timestamp":1.7722909107799573e+09,"_step":4,"epoch":5}