{"_wandb":{"runtime":26},"_runtime":26,"_step":4,"epoch":5,"train_loss":0.004040240769749248,"val_acc":0.9658333333333333,"val_loss":0.005501438017860437,"_timestamp":1.7722919394012733e+09}