{"_timestamp":1.7723638079821103e+09,"_wandb":{"runtime":14},"_runtime":14,"_step":84,"step":4200,"first_layer_grad_norm":0.5571203314519032,"activation":"sigmoid","num_layers":5}