{"train_loss":0.02508491689382811,"test_acc":0.9786,"test_f1":0.9783558601327977,"_timestamp":1.7722975644915264e+09,"epoch":20,"_runtime":174,"val_f1":0.9738725852045059,"_step":20,"val_loss":0.20934269164346878,"_wandb":{"runtime":174},"train_acc":0.9964074074074074,"val_acc":0.974}