{"_runtime":12,"train_loss":0.06576421370622379,"val_acc":0.9656666666666667,"val_loss":0.12551259994865285,"_timestamp":1.77229030048431e+09,"_step":4,"epoch":5,"_wandb":{"runtime":12}}