{"epoch":5,"train_loss":0.0032094579329089512,"val_acc":0.9636666666666667,"val_loss":0.005755904695671017,"_timestamp":1.7722904780405784e+09,"_step":4,"_wandb":{"runtime":20},"_runtime":20}