{"_runtime":14,"epoch":5,"train_loss":0.0039673391417406455,"val_acc":0.967,"val_loss":0.005111296527680495,"_timestamp":1.772290401284501e+09,"_step":4,"_wandb":{"runtime":14}}