{"val_acc":0.9773333333333334,"train_acc":0.9898,"_timestamp":1.7722933179736621e+09,"_wandb":{"runtime":89},"_runtime":89,"_step":14,"epoch":15,"train_loss":0.0012444183678763654}