{"_step":4,"_wandb":{"runtime":11},"_runtime":11,"epoch":5,"train_loss":0.09689235495100608,"val_acc":0.9665,"val_loss":0.17585134865978333,"_timestamp":1.7722906180324726e+09}