{"_runtime":19,"val_loss":0.14926004830021014,"_timestamp":1.7722904504999766e+09,"_step":4,"epoch":5,"train_loss":0.12887126195931634,"val_acc":0.958,"_wandb":{"runtime":19}}