{"_runtime":20,"val_acc":0.9488333333333333,"val_loss":0.31289664854275595,"_timestamp":1.772291904417334e+09,"_step":4,"epoch":5,"train_loss":0.2151644047486808,"_wandb":{"runtime":20}}