{"test_f1":0.9772264888379931,"_runtime":123,"_step":20,"val_loss":0.19246855429527546,"val_f1":0.9774236852655479,"epoch":20,"train_loss":0.011384660592094616,"_wandb":{"runtime":123},"train_acc":0.997537037037037,"_timestamp":1.7728768774054017e+09,"test_acc":0.9774,"val_acc":0.9775}