{"_runtime":187,"train_acc":0.9957592592592592,"val_loss":0.22622825806012475,"epoch":20,"val_f1":0.9752052402231606,"train_loss":0.021964767380922304,"test_acc":0.9764,"test_f1":0.9762218031348893,"val_acc":0.9753333333333334,"_step":20,"_timestamp":1.7728752990388103e+09,"_wandb":{"runtime":187}}