{"_wandb":{"runtime":12},"_runtime":12,"num_layers":5,"_timestamp":1.7723638402016902e+09,"_step":84,"step":4200,"first_layer_grad_norm":1.2254957608546386,"activation":"relu"}