{"_wandb":{"runtime":15},"_runtime":15,"_step":4,"epoch":5,"train_loss":0.12725411393330277,"val_acc":0.9578333333333333,"val_loss":0.14471341461372364,"_timestamp":1.7722910944649303e+09}