{"_timestamp":1.7722927109216018e+09,"_wandb":{"runtime":13},"_runtime":13,"_step":4,"epoch":5,"train_loss":0.010776813602624688,"val_acc":0.9356666666666666,"val_loss":0.010018397578477414}