{"epoch":5,"train_loss":0.08050193535465476,"val_acc":0.966,"val_loss":0.1170052457940975,"_timestamp":1.7722918471940222e+09,"_step":4,"_wandb":{"runtime":11},"_runtime":11}