{"_step":84,"step":4200,"first_layer_grad_norm":0.5823179608780291,"_timestamp":1.7722930355778039e+09,"_wandb":{"runtime":12},"_runtime":12}