{"val_acc":0.9698333333333333,"val_loss":0.15620110119205838,"_timestamp":1.7722917662931325e+09,"_wandb":{"runtime":13},"_runtime":13,"_step":4,"epoch":5,"train_loss":0.09332809378349796}