{"_step":4,"epoch":5,"train_loss":0.012827307665059226,"_wandb":{"runtime":15},"_runtime":15,"val_acc":0.9256666666666666,"val_loss":0.013007862405613,"_timestamp":1.7722898831423147e+09}