{"train_loss":0.005661531734254952,"val_acc":0.9536666666666667,"_wandb":{"runtime":13},"_runtime":13,"val_loss":0.007582243754580317,"_timestamp":1.7722922389436543e+09,"_step":4,"epoch":5}