{"val_f1":0.8749973245415402,"_step":15,"epoch":15,"test_acc":0.8797,"test_f1":0.8797584103914533,"_wandb":{"runtime":96},"_runtime":96,"train_loss":0.25160336616846846,"val_acc":0.8715,"_timestamp":1.7723662024447365e+09}