{"_wandb":{"runtime":16},"_runtime":16,"_step":4,"epoch":5,"train_loss":0.006027844142383421,"val_acc":0.9571666666666667,"val_loss":0.007061813174861808,"_timestamp":1.7722917205034099e+09}