{"test_f1":0.8783785628009613,"train_loss":0.281761979614507,"_timestamp":1.772633936040405e+09,"_runtime":167,"test_acc":0.8778,"epoch":20,"val_f1":0.8766167657118717,"train_f1":0.8954488829293894,"train_acc":0.895,"_wandb":{"runtime":167},"val_loss":0.42929341049268227,"_step":20,"val_acc":0.8753333333333333}