{"neuron_0_grad_norm":0.06093099663466233,"neuron_4_grad_norm":0.0584638976922325,"step":49,"_wandb":{"runtime":4},"neuron_1_grad_norm":0.0864691489846332,"neuron_2_grad_norm":0.12557305100795166,"_timestamp":1.7723656779130063e+09,"neuron_3_grad_norm":0.08931659423868801,"_runtime":4,"_step":49}