{"_step":4,"epoch":5,"train_loss":0.0729658914706679,"_runtime":57,"_wandb":{"runtime":57},"val_acc":0.9726666666666667,"val_loss":0.09866319849897646,"_timestamp":1.7722916145251057e+09}