{"train_loss":0.10689890700443118,"val_acc":0.9585,"val_loss":0.14937740095925603,"_timestamp":1.7722913238022761e+09,"_runtime":21,"_wandb":{"runtime":21},"_step":4,"epoch":5}