{"_runtime":139,"val_acc":0.9736666666666667,"train_loss":0.02615522123552452,"_wandb":{"runtime":139},"train_acc":0.9960185185185185,"val_f1":0.973483091182074,"val_loss":0.22614251180079287,"_timestamp":1.7723913553202813e+09,"epoch":20,"test_acc":0.9773,"_step":20,"test_f1":0.9770999936085542}