{"epoch":5,"train_loss":2.2965219298302886,"val_acc":0.11233333333333333,"val_loss":2.2958624520803834,"_timestamp":1.7722893301188397e+09,"_wandb":{"runtime":12},"_runtime":12,"_step":4}