{"val_loss":0.015594150311003913,"_timestamp":1.772291415328653e+09,"_step":4,"_wandb":{"runtime":20},"_runtime":20,"epoch":5,"train_loss":0.01618931124512045,"val_acc":0.8958333333333334}