{"val_acc":0.9565,"val_loss":0.16117025903110163,"_timestamp":1.7722911335641243e+09,"_wandb":{"runtime":22},"_runtime":22,"_step":4,"epoch":5,"train_loss":0.10854977775271778}