{"_timestamp":1.772366405123287e+09,"test_f1":0.8749100431863124,"val_f1":0.8917210060180576,"test_acc":0.8743,"_wandb":{"runtime":104},"epoch":15,"val_acc":0.8915,"train_loss":0.27815820731074714,"_step":15,"_runtime":104}