{"_timestamp":1.77229236213894e+09,"_runtime":11,"_wandb":{"runtime":11},"_step":4,"epoch":5,"train_loss":0.004682697083201716,"val_acc":0.9611666666666666,"val_loss":0.005992844409873576}