{"_step":4,"epoch":5,"train_loss":0.1411854970964625,"val_acc":0.9633333333333334,"val_loss":0.19469775592436864,"_timestamp":1.772290822727198e+09,"_wandb":{"runtime":36},"_runtime":36}