{"val_acc":0.9681666666666666,"val_loss":0.0050905461387140485,"_timestamp":1.7722923423499763e+09,"_step":4,"epoch":5,"train_loss":0.003985011958579383,"_wandb":{"runtime":14},"_runtime":14}