{"test_acc":0.8501,"test_f1":0.8482522958617633,"_runtime":126,"train_loss":0.37924572158975384,"val_acc":0.8725,"_timestamp":1.7722962004934742e+09,"_wandb":{"runtime":126},"epoch":15,"val_f1":0.8728125866902131,"_step":15}