{"val_loss":0.010562714007364218,"_timestamp":1.7722903791568737e+09,"_step":4,"epoch":5,"train_loss":0.010651632842121483,"_wandb":{"runtime":14},"_runtime":14,"val_acc":0.9333333333333333}