{"_step":4,"epoch":5,"train_loss":0.004811306937786387,"val_acc":0.9626666666666667,"val_loss":0.0058393985900569816,"_timestamp":1.7722916934762971e+09,"_wandb":{"runtime":11},"_runtime":11}