{"val_loss":0.08840694621010044,"_timestamp":1.7722895932785554e+09,"_step":4,"epoch":5,"_wandb":{"runtime":49},"_runtime":49,"train_loss":0.0885587499178717,"val_acc":0.21066666666666667}