{"val_acc":0.9248333333333333,"_wandb":{"runtime":11},"_runtime":11,"val_loss":0.011988045719312404,"_timestamp":1.7722899613230953e+09,"_step":4,"epoch":5,"train_loss":0.01186952118407683}