{"_runtime":11,"step":4200,"first_layer_grad_norm":0.33564087474204346,"_timestamp":1.7722929883200164e+09,"_step":84,"_wandb":{"runtime":11}}