{"train_loss":0.004477071326177648,"val_acc":0.9653333333333334,"_wandb":{"runtime":13},"_runtime":13,"val_loss":0.005452867989093456,"_timestamp":1.7722907770802758e+09,"_step":4,"epoch":5}