{"val_loss":0.08997515335064939,"_timestamp":1.7722899120702977e+09,"_step":4,"_wandb":{"runtime":13},"_runtime":13,"epoch":5,"train_loss":0.08998051541133144,"val_acc":0.11233333333333333}