{"_step":4,"epoch":5,"train_loss":0.004703444473641574,"val_acc":0.9598333333333333,"_wandb":{"runtime":13},"_runtime":13,"val_loss":0.006371077160596888,"_timestamp":1.772290548166285e+09}