{"_wandb":{"runtime":140},"_runtime":140,"epoch":5,"train_loss":0.3170001334515499,"val_acc":0.9378333333333333,"val_loss":0.309592120851,"_timestamp":1.772292161721476e+09,"_step":4}