{"_step":9,"epoch":10,"train_loss":0.02115631529461773,"val_acc":0.9751666666666666,"optimizer":"nag","_timestamp":1.7722929128293884e+09,"_wandb":{"runtime":59},"_runtime":59}