{"train_loss":0.010973841442020557,"_step":20,"test_f1":0.9785381828362334,"val_acc":0.9753333333333334,"train_acc":0.9976851851851852,"val_loss":0.20410430006351446,"test_acc":0.9786,"_wandb":{"runtime":126},"_timestamp":1.7728763783390098e+09,"epoch":20,"val_f1":0.9750815639524599,"_runtime":126}