{"val_loss":0.005550096531200722,"_timestamp":1.7722902805709157e+09,"_wandb":{"runtime":13},"_runtime":13,"_step":4,"epoch":5,"train_loss":0.0043580469623435815,"val_acc":0.9643333333333334}