{"_timestamp":1.7723893618890996e+09,"test_acc":0.9775,"val_acc":0.9731666666666666,"train_loss":0.023748973591618466,"test_f1":0.9771918068006412,"val_f1":0.9730014501647368,"train_acc":0.9937222222222222,"_wandb":{"runtime":141},"epoch":20,"_step":20,"val_loss":0.22672190106689816,"_runtime":141}