{"_step":4,"epoch":5,"train_loss":0.09005094721461317,"val_acc":0.0975,"val_loss":0.09006959053917943,"_timestamp":1.772289766488971e+09,"_wandb":{"runtime":23},"_runtime":23}