{"_step":4,"epoch":5,"train_loss":0.007761560037294116,"val_acc":0.9475,"val_loss":0.008164927650937136,"_timestamp":1.7722908828955367e+09,"_runtime":21,"_wandb":{"runtime":21}}