{"_runtime":60,"epoch":5,"train_loss":0.05867634592542521,"val_acc":0.9715,"val_loss":0.09710531956161673,"_timestamp":1.7722915146692052e+09,"_step":4,"_wandb":{"runtime":60}}