{"train_loss":0.09088695842138153,"val_acc":0.9638333333333333,"_wandb":{"runtime":33},"_runtime":33,"val_loss":0.13419777961683088,"_timestamp":1.7722924285192535e+09,"_step":4,"epoch":5}