{"val_acc":0.9556666666666667,"val_loss":0.007603572815098126,"_timestamp":1.772290208032991e+09,"_runtime":13,"_wandb":{"runtime":13},"_step":4,"epoch":5,"train_loss":0.005715017491424874}