{"_timestamp":1.7722916712655196e+09,"_step":4,"_runtime":48,"_wandb":{"runtime":48},"epoch":5,"train_loss":2.3009841466027408,"val_acc":0.11233333333333333,"val_loss":2.2995354691605625}