{"train_loss":0.02356229106393916,"_wandb":{"runtime":105},"_runtime":105,"val_acc":0.9721666666666666,"optimizer":"nag","_timestamp":1.7723634613749492e+09,"_step":9,"epoch":10}