{"val_loss":0.023708449408660518,"_timestamp":1.7722906425868444e+09,"_wandb":{"runtime":14},"_runtime":14,"_step":4,"epoch":5,"train_loss":0.027052682939274316,"val_acc":0.8581666666666666}