{"train_loss":0.06654956439130909,"val_acc":0.962,"val_loss":0.18422187566547854,"_wandb":{"runtime":15},"_runtime":15,"_timestamp":1.7722907474042814e+09,"_step":4,"epoch":5}