{"val_loss":0.13075921002831922,"_timestamp":1.7722905967094061e+09,"_step":4,"epoch":5,"train_loss":0.11215674743858256,"_wandb":{"runtime":12},"_runtime":12,"val_acc":0.9605}