{"val_loss":0.010884126022311535,"_timestamp":1.7722899394270594e+09,"_wandb":{"runtime":16},"_runtime":16,"_step":4,"epoch":5,"train_loss":0.011090246544861923,"val_acc":0.9408333333333333}