{"val_loss":0.1585866412263308,"_wandb":{"runtime":79},"epoch":15,"test_f1":0.9785470305057637,"_timestamp":1.7726348372471037e+09,"val_f1":0.9755703687413186,"_step":15,"_runtime":79,"test_acc":0.9787,"val_acc":0.9756666666666667,"train_loss":0.014023645362625868,"train_acc":0.9972407407407408}