{"_wandb":{"runtime":11},"_runtime":11,"_step":4,"epoch":5,"train_loss":0.07545724859832403,"val_acc":0.9676666666666667,"val_loss":0.11054132562568071,"_timestamp":1.7722918687704952e+09}