{"_wandb":{"runtime":20},"_runtime":20,"val_acc":0.9591666666666666,"val_loss":0.00717712111575404,"_timestamp":1.7722910625190911e+09,"_step":4,"epoch":5,"train_loss":0.006327445844044118}