{"val_acc":0.9448333333333333,"val_loss":0.008501519449913586,"_wandb":{"runtime":19},"_runtime":19,"_timestamp":1.7722899909412944e+09,"_step":4,"epoch":5,"train_loss":0.008081164179111339}