{"_step":15,"train_loss":0.2537913316125676,"test_f1":0.8757738022795832,"val_f1":0.8848275013351431,"val_acc":0.8831666666666667,"_wandb":{"runtime":102},"test_acc":0.875,"_timestamp":1.7722960701785147e+09,"epoch":15,"_runtime":102}