{"_runtime":32,"train_loss":0.006436582381481832,"val_acc":0.9626666666666667,"val_loss":0.006673179451570166,"_timestamp":1.7722927526352248e+09,"_step":4,"epoch":5,"_wandb":{"runtime":32}}