{"train_loss":0.0037563431766157234,"_wandb":{"runtime":37},"_runtime":37,"val_acc":0.9655,"val_loss":0.005394670006261783,"_timestamp":1.7722924764651625e+09,"_step":4,"epoch":5}