{"_wandb":{"runtime":22},"_runtime":22,"_step":4,"epoch":5,"train_loss":0.07736289925180947,"val_acc":0.9671666666666666,"val_loss":0.10902361329979297,"_timestamp":1.7722911727688987e+09}