{"_wandb":{"runtime":14},"_runtime":14,"_timestamp":1.772290423041522e+09,"_step":4,"epoch":5,"train_loss":0.003937506208428294,"val_acc":0.9646666666666667,"val_loss":0.0054955040462917595}