{"_wandb":{"runtime":10},"_runtime":10,"val_acc":0.9606666666666667,"val_loss":0.14338200701356563,"_timestamp":1.7722901775516036e+09,"_step":4,"epoch":5,"train_loss":0.12289519477646832}