{"val_acc":0.9123333333333333,"val_loss":0.31625323914972714,"_timestamp":1.7722909751611226e+09,"_step":4,"epoch":5,"train_loss":0.32275465012969956,"_wandb":{"runtime":14},"_runtime":14}