{"epoch":5,"train_loss":0.006149330648487841,"val_acc":0.9558333333333333,"val_loss":0.007133415288815455,"_timestamp":1.7722914381136153e+09,"_step":4,"_wandb":{"runtime":15},"_runtime":15}