{"epoch":10,"train_loss":0.024299603907642735,"val_acc":0.9723333333333334,"_runtime":66,"_wandb":{"runtime":66},"optimizer":"momentum","_timestamp":1.7723633519243588e+09,"_step":9}