{"_timestamp":1.7722912945035846e+09,"_step":4,"epoch":5,"train_loss":0.003053414305647654,"val_acc":0.9721666666666666,"_wandb":{"runtime":25},"_runtime":25,"val_loss":0.0042956645172794496}