{"val_acc":0.8826666666666667,"train_loss":0.2777014181828749,"_step":15,"test_f1":0.8690310258242937,"test_acc":0.8701,"epoch":15,"val_f1":0.8832107862479572,"_timestamp":1.7722963232795413e+09,"_wandb":{"runtime":119},"_runtime":119}