{"_wandb":{"runtime":14},"_runtime":14,"val_acc":0.9561666666666667,"val_loss":0.007091381752252962,"_timestamp":1.7722926051623647e+09,"_step":4,"epoch":5,"train_loss":0.0053642422584597865}