{"train_loss":0.005338203073948525,"val_acc":0.9588333333333333,"_wandb":{"runtime":11},"_runtime":11,"val_loss":0.006674064038212436,"_timestamp":1.7722925797732823e+09,"_step":4,"epoch":5}