{"val_acc":0.9441666666666667,"val_loss":0.009675541400366682,"_timestamp":1.77228973559069e+09,"_step":4,"epoch":5,"train_loss":0.009738856299874667,"_wandb":{"runtime":19},"_runtime":19}