{"val_loss":0.12802004650784454,"_wandb":{"runtime":40},"_runtime":40,"_timestamp":1.772291229157011e+09,"_step":4,"epoch":5,"train_loss":0.10435641863542205,"val_acc":0.9605}