{"_wandb":{"runtime":14},"_runtime":14,"_timestamp":1.7722915396078606e+09,"_step":4,"epoch":5,"train_loss":0.11146218189727217,"val_acc":0.9595,"val_loss":0.15159988655243758}