{"train_loss":2.30129903187873,"val_acc":0.11233333333333333,"val_loss":2.301184366744419,"_timestamp":1.77228966688774e+09,"_step":4,"epoch":5,"_wandb":{"runtime":27},"_runtime":27}