{"train_loss":0.03545441984611557,"val_acc":0.9745,"dead_neuron_fraction":0,"_timestamp":1.7722931340732975e+09,"_wandb":{"runtime":49},"_runtime":49,"_step":9,"epoch":10}