{"_wandb":{"runtime":11},"_runtime":11,"_timestamp":1.7722893507150488e+09,"_step":4,"epoch":5,"train_loss":2.301256781078809,"val_acc":0.11233333333333333,"val_loss":2.3011632896318224}