{"epoch":5,"train_loss":0.08738876181138595,"val_acc":0.9671666666666666,"val_loss":0.14558276724524633,"_timestamp":1.7722917449840484e+09,"_wandb":{"runtime":14},"_runtime":14,"_step":4}