{"val_loss":0.007104587781361412,"_timestamp":1.7722902317411523e+09,"_step":4,"epoch":5,"train_loss":0.005649064278738649,"_wandb":{"runtime":14},"_runtime":14,"val_acc":0.9545}