{"_wandb":{"runtime":56},"train_loss":0.020756717074540458,"val_acc":0.972,"optimizer":"rmsprop","_timestamp":1.772292972624179e+09,"_step":9,"epoch":10,"_runtime":56}