{"val_loss":0.13825873528016583,"_timestamp":1.7722908441002812e+09,"_wandb":{"runtime":14},"_runtime":14,"_step":4,"epoch":5,"train_loss":0.12260514930307471,"val_acc":0.9586666666666667}