{"_runtime":25,"_wandb":{"runtime":25},"train_loss":0.004222011365896424,"val_acc":0.9646666666666667,"val_loss":0.005531252752009378,"_timestamp":1.7722921954319115e+09,"_step":4,"epoch":5}