{"val_acc":0.96,"val_loss":0.13827675610567536,"_runtime":12,"_wandb":{"runtime":12},"_timestamp":1.7722923862003748e+09,"_step":4,"epoch":5,"train_loss":0.09421143727154124}