{"_wandb":{"runtime":13},"_runtime":13,"_step":84,"step":4200,"first_layer_grad_norm":0.49917818503875,"_timestamp":1.7722930056433685e+09}