{"_step":15,"test_acc":0.8774,"test_f1":0.8781216021323625,"_timestamp":1.772293783312876e+09,"train_loss":0.264192740132783,"val_acc":0.8888333333333334,"_runtime":110,"epoch":15,"_wandb":{"runtime":110},"val_f1":0.8864423759979703}