{"_step":15,"epoch":15,"train_loss":0.38023712754986355,"test_f1":0.8485029109506999,"_runtime":89,"_wandb":{"runtime":89},"val_acc":0.8723333333333333,"val_f1":0.8706193758315921,"test_acc":0.8509,"_timestamp":1.7723662965809386e+09}