{"val_acc":0.897,"_wandb":{"runtime":99},"_runtime":99,"train_loss":0.2526392744443656,"_timestamp":1.772293885923298e+09,"_step":15,"test_acc":0.8803,"val_f1":0.8969980309201752,"test_f1":0.8802155765290658,"epoch":15}