{"val_loss":0.1296561308414486,"_timestamp":1.7722918266173925e+09,"_wandb":{"runtime":18},"_runtime":18,"_step":4,"epoch":5,"train_loss":0.08025320764213102,"val_acc":0.9623333333333334}