{"val_loss":0.012229375842373953,"_timestamp":1.7722897905237198e+09,"_step":4,"epoch":5,"train_loss":0.012176021605955935,"_wandb":{"runtime":14},"_runtime":14,"val_acc":0.9278333333333333}