{"val_loss":0.028228474302780842,"_timestamp":1.7722925598751574e+09,"_step":4,"_runtime":41,"_wandb":{"runtime":41},"epoch":5,"train_loss":0.028410691832024083,"val_acc":0.7661666666666667}