{"epoch":5,"train_loss":0.05620739296351531,"val_acc":0.9718333333333333,"val_loss":0.11072072589375428,"_timestamp":1.7722926817468293e+09,"_step":4,"_wandb":{"runtime":60},"_runtime":60}