{"epoch":15,"train_loss":0.2390673793449586,"_wandb":{"runtime":98},"_runtime":98,"_step":15,"val_f1":0.8971071392472261,"test_f1":0.883576508595955,"_timestamp":1.7722939889085002e+09,"test_acc":0.8835,"val_acc":0.8968333333333334}